category,label
europe,landscape
dinosaur,reptile
seals,fish_aquatic
monster,creature
pigs,mammal
person,person
face,face
creature,creature
afro,face
alien,creature
human,person
cupid,object
bird,bird
jockey,bird
pony,mammal
hamster,mammal
australia,landscape
seahorse,fish_aquatic
islands,landscape
island,landscape
dragon,creature
donkey,mammal
scattered,abstract
babies,person
horse,mammal
peninsula,landscape
sea,landscape
inlet,abstract
coves,landscape
ocean,landscape
frog,reptile
atolls,landscape
isthmus,creature
river,landscape
land,landscape
india,landscape
torso,body_part
icing,food
bone,body_part
arms,body_part
mouth,face
toes,body_part
inlets,abstract
bay,landscape
seas,landscape
coastline,landscape
water,landscape
hide,abstract
coast,landscape
clown,reptile
powder,food
lakes,landscape
ink,object
fire,weather
ice,weather
fish,fish_aquatic
shoulders,body_part
vortex,abstract
bears,mammal
man,person
inverted,abstract
boar,mammal
crab,fish_aquatic
skull,face
elephants,mammal
camel,mammal
kangaroo,mammal
well,person
skeleton,body_part
lion,mammal
phallus,fish_aquatic
lake,landscape
archipelago,landscape
allosaur,landscape
girl,person
dress,person
nurse,object
rabbit,mammal
triceratops,insect_bug
dust,weather
hainan,landscape
statue,object
dodo,creature
smoke,food
hedgehog,mammal
pacman,mammal
polecat,insect_bug
country,landscape
africa,landscape
monkey,mammal
woman,person
pinch,body_part
ditto,person
elephant,mammal
kissing,action
bunny,mammal
hand,body_part
dog,mammal
garaiff,creature
crocodile,reptile
bulldog,mammal
chicken,bird
kiss,action
giraffe,mammal
child,person
female,person
mess,abstract
shaking,action
cat,mammal
claws,mammal
elderly,person
puppet,insect_bug
valley,landscape
people,person
teacher,person
waiting,object
insect,insect_bug
floating,object
winner,person
dancing,action
mediterranen,landscape
inland,landscape
father,person
path,landscape
duck,bird
group,person
movement,action
burnt,object
massachusetts,landscape
rhino,mammal
continents,landscape
ostrich,fish_aquatic
rat,mammal
tail,object
boot,body_part
hornet,insect_bug
jester,creature
bear,mammal
crimea,landscape
head,face
antarctica,landscape
dogs,mammal
hen,bird
fractals,abstract
paint,abstract
countries,landscape
eggtimer,bird
tornado,weather
bomb,object
waiter,object
lizards,reptile
handshake,action
blobs,abstract
parcel,abstract
laundry,object
slug,insect_bug
burger,food
microphone,face
sheep,mammal
demon,creature
earth,landscape
fractal,abstract
snowflakes,weather
cow,mammal
grinch,face
bison,mammal
ghost,creature
gasp,face
touch,body_part
strain,abstract
clutch,object
tip,object
fall,action
spin,abstract
think,person
twist,object
lick,face
trace,abstract
serene,action
breathe,action
space,object
loose,body_part
call,object
chase,mammal
follow,abstract
catch,object
meet,action
hold,object
swallow,face
devour,creature
consume,food
wolf,mammal
trap,insect_bug
dark,weather
melt,object
burn,object
cluster,abstract
drown,fish_aquatic
cover,object
watching,action
noir,creature
suspect,person
liquid,object
seep,person
spill,object
stain,abstract
agony,body_part
abyss,landscape
scream,creature
hoarse,face
ache,body_part
noise,abstract
busy,object
hunted,mammal
claustrophobia,action
clamour,creature
discord,person
bleed,action
expire,object
canopy,object
leaves,insect_bug
branches,landscape
reaching,body_part
escape,action
freedom,object
colon,food
bladder,body_part
continent,landscape
animal,mammal
hippo,mammal
explosion,object
snail,fish_aquatic
warthog,mammal
panther,mammal
gorilla,mammal
witch,creature
castle,landscape
genie,creature
pig,mammal
women,person
polarbear,insect_bug
baby,person
pluto,landscape
finland,landscape
america,landscape
buttocks,body_part
body,body_part
poodle,mammal
bosporus,landscape
bat,object
squirrel,mammal
tree,object
spain,landscape
goblin,creature
england,object
polyp,abstract
australasia,landscape
asteroids,fish_aquatic
cavern,landscape
apoptosis,other
meteorite,object
potato,food
gargoyle,reptile
cyprus,landscape
floes,bird
boredom,action
adventures,creature
showers,weather
impatience,object
pathology,abstract
fidget,abstract
agglutinins,food
repetition,abstract
world,person
hammer,object
sandman,person
treetop,landscape
sky,weather
borneo,landscape
building,object
vulture,bird
eyes,face
turtle,reptile
jump,action
finger,body_part
spit,face
smirk,face
alligator,reptile
hook,object
chin,face
smile,face
grumpy,creature
mask,face
heart,action
doughnut,food
stupid,person
hawk,bird
snake,reptile
fart,food
sphincter,body_part
run,action
plant,food
engine,object
lizard,reptile
chair,object
balloon,object
faces,face
fossil,reptile
climber,landscape
cave,landscape
warrior,person
gorrila,object
detective,insect_bug
russia,landscape
denmark,landscape
canada,landscape
erection,body_part
toast,food
ape,mammal
fairy,creature
bushes,mammal
tophat,face
snoopy,mammal
pipe,object
sunglasses,face
priest,creature
mary,object
capybara,mammal
madagascar,reptile
bull,mammal
feet,body_part
doga,mammal
goag,bird
mushroom,food
robber,person
mother,person
goat,mammal
bedpost,abstract
knuckleduster,object
teapot,object
steamwhistle,object
waveform,abstract
who,person
wutang,abstract
dorito,food
corkscrew,object
doorstop,object
farmer,mammal
paper,object
pinecone,bird
greenland,landscape
mandelbrot,person
hebrides,fish_aquatic
eagle,bird
cross,object
granny,creature
hair,face
cough,weather
neck,face
stoop,object
strait,landscape
shore,landscape
bays,fish_aquatic
headlands,landscape
hat,object
hands,body_part
eye,face
nose,face
notice,face
gaze,face
alone,action
scene,person
stomach,body_part
pancreas,food
intestine,body_part
gut,body_part
conversation,action
listening,action
thinking,object
connection,object
beard,face
lights,object
prey,insect_bug
ears,face
mediterranean,landscape
crete,landscape
malta,landscape
lebannon,reptile
oceans,landscape
rotation,abstract
billowing,mammal
darkness,weather
basket,object
bush,mammal
tongue,face
scarf,object
sardinia,landscape
corsica,landscape
bun,object
fist,body_part
arm,body_part
mouse,mammal
cheese,food
floor,body_part
sweden,landscape
france,object
britishisles,object
ship,object
plates,body_part
sand,landscape
earthquake,landscape
lava,landscape
arctic,landscape
flock,bird
field,object
iceland,landscape
mist,weather
fog,weather
rivers,landscape
octopus,fish_aquatic
tentacles,fish_aquatic
coral,fish_aquatic
dancer,action
bagpipes,object
kilt,object
audience,person
snout,reptile
swamp,landscape
stare,face
boxer,mammal
punch,action
glove,body_part
shadow,abstract
moves,action
rocks,landscape
boy,person
llama,mammal
mole,reptile
beast,creature
antlers,insect_bug
butterfly,insect_bug
moth,insect_bug
couple,person
wig,face
carpet,abstract
bees,insect_bug
camp,landscape
floated,object
sulk,person
kosovo,landscape
possum,object
global,object
eating,food
paddington,landscape
spider,insect_bug
argument,object
headless,face
profile,person
italy,landscape
sausage,food
ghosts,creature
wierd,person
blots,abstract
bacteria,food
lady,person
cliff,landscape
rock,landscape
fetus,mammal
troll,person
mamals,person
scorpion,insect_bug
featus,body_part
cloths,object
bridge,object
asia,landscape
china,landscape
japan,landscape
stars,object
univrse,creature
pattern,abstract
gnome,creature
dragons,creature
figure,person
fox,mammal
amoeba,reptile
kitten,mammal
prawn,fish_aquatic
crustacion,landscape
english,object
channel,object
uterus,person
tasmania,landscape
terrier,mammal
vase,object
breasts,body_part
mexico,landscape
icesheets,weather
embryo,abstract
seahorses,fish_aquatic
mediterranian,person
spaceship,object
storm,weather
weather,weather
forecast,weather
storms,weather
weird,person
coffee,object
washing,action
mud,landscape
flying,action
piglet,mammal
penis,body_part
climbers,landscape
weeble,creature
grey,object
robot,insect_bug
claymen,person
blobman,abstract
dino,reptile
heads,face
boogyman,creature
lesheys,food
mountain,landscape
panda,mammal
peakcock,bird
evil,creature
trees,landscape
reindeer,mammal
feeding,food
treetrunk,creature
contact,person
hilltop,landscape
growth,food
hurricane,weather
attack,object
insects,insect_bug
elephantwoman,mammal
womb,mammal
sisyphus,insect_bug
fuzzball,abstract
landscape,landscape
meerkat,insect_bug
centaur,fish_aquatic
solider,person
aliens,insect_bug
daggger,creature
mermaid,fish_aquatic
balaclava,face
musician,person
carriage,object
nothin,face
singer,person
terrapins,reptile
crown,object
stone,object
brick,food
trunk,object
hyena,mammal
light,object
egg,bird
gown,object
beauty,face
reach,body_part
float,object
raised,person
blow,object
bubbles,abstract
whale,fish_aquatic
muscular,body_part
crying,action
small,person
puffy,abstract
round,object
plump,face
long,object
ponytail,face
toxic,person
squashed,action
stringray,fish_aquatic
shark,fish_aquatic
mongolia,landscape
claw,mammal
sharp,object
fingers,body_part
broken,object
bad,creature
breath,face
anxious,action
mustasche,object
thick,abstract
eyebrows,face
flat,abstract
fight,action
swirls,abstract
mice,mammal
choke,action
knees,body_part
hugging,action
sat,object
crawled,insect_bug
oil,food
big,person
half,object
pain,body_part
teeth,face
grimace,face
einstein,object
friends,action
picture,person
starfish,fish_aquatic
casper,landscape
crone,creature
place,landscape
expanse,landscape
divide,abstract
greatness,action
gulf,landscape
dig,face
revenge,object
yelling,action
split,object
portal,insect_bug
power,object
bend,abstract
mega,object
pathway,abstract
obstacle,abstract
clarity,abstract
diversion,object
retaliation,person
travel,object
wild,mammal
art,person
splotch,abstract
matter,object
meteor,weather
love,action
species,insect_bug
atoms,object
buffalo,mammal
bright,object
disaster,weather
distance,object
fade,abstract
crack,abstract
crater,landscape
puddle,landscape
gossip,action
fury,bird
fear,action
action,action
smoker,person
ball,object
rodent,mammal
caveman,mammal
bust,person
doctor,object
wombat,mammal
foot,body_part
guitarist,object
buddha,mammal
skiier,person
shrew,reptile
korea,landscape
pirate,fish_aquatic
griffin,creature
coffeepot,object
arrow,bird
waist,body_part
icecaps,object
mikkie,creature
ox,person
wizard,creature
folliage,object
animals,mammal
god,person
ruffle,abstract
flute,fish_aquatic
piano,object
santa,creature
elbow,body_part
tulip,bird
bag,object
raindrop,weather
waves,abstract
boat,fish_aquatic
watch,object
pillow,face
chalice,creature
criminal,person
lantern,creature
babyface,face
broom,object
umbrella,weather
goblet,object
sofa,object
mirror,object
pencil,object
crib,object
shoe,body_part
shrimp,fish_aquatic
scale,abstract
gun,object
lobster,fish_aquatic
fence,mammal
handcuffs,body_part
buckle,object
sperm,food
bigfoot,insect_bug
rain,weather
fiddler,person
fan,person
racoon,mammal
bottle,object
lectern,food
honeycomb,insect_bug
cobblestone,landscape
shopper,person
grapes,food
dentures,face
apple,food
flag,object
grass,food
football,action
guy,person
jackal,bird
foetus,mammal
airplane,insect_bug
angel,creature
skydiver,weather
phoenix,landscape
nouse,abstract
dot,object
lips,face
abstract,abstract
similar,abstract
cartoon,creature
club,object
line,person
norway,landscape
motherwell,bird
abtract,abstract
foreward,action
cone,object
converge,object
linear,abstract
painting,abstract
expression,object
loop,abstract
flowing,abstract
down,object
around,object
anvil,insect_bug
leg,body_part
hole,object
pointing,body_part
same,person
rattle,insect_bug
fjord,landscape
birds,bird
contour,abstract
flight,object
repeat,abstract
puppy,mammal
music,action
still,person
fixed,person
moose,mammal
wiggle,abstract
moving,action
garden,landscape
cosmos,weather
pinocchio,mammal
shilhoette,person
star,object
random,abstract
vital,face
happy,person
soft,abstract
speckle,abstract
over,object
splot,abstract
splash,weather
choking,face
pimple,face
probe,object
candlestick,object
lovers,action
worm,insect_bug
koi,person
soldier,person
jig,person
anglerfish,creature
turkey,bird
greece,landscape
crowd,person
nightstick,bird
curl,face
mitten,insect_bug
alaska,landscape
encroaching,weather
outline,abstract
radiation,weather
humans,person
ultrasound,abstract
despondent,person
despair,creature
luxembourg,landscape
corners,abstract
canal,landscape
puppets,creature
teardrop,weather
talking,action
umbilical,body_part
delegates,abstract
nations,landscape
places,landscape
erect,body_part
swimming,action
legs,body_part
moron,creature
bowser,mammal
farting,action
pooping,abstract
push,action
commander,person
unsure,object
lesotho,landscape
design,abstract
ghoul,creature
test,object
splotches,abstract
marxism,abstract
bulgaria,landscape
fireball,object
reading,object
book,object
kicking,action
grabbing,body_part
wolves,mammal
ponder,bird
unicorn,creature
bunney,object
mitosis,insect_bug
drinkin,object
pouring,abstract
men,person
work,object
up,object
kidney,body_part
holding,object
cell,object
fuzzy,abstract
brontosaurus,reptile
desolate,food
mercator,insect_bug
north,landscape
west,landscape
east,landscape
large,object
crush,person
hunt,mammal
ring,object
ouroboros,fish_aquatic
sex,action
observing,abstract
questioning,abstract
decapitation,face
removal,object
passed,abstract
family,object
beckoning,action
transformation,abstract
consumed,object
danger,object
blood,body_part
machine,object
screws,object
bite,face
cigarette,object
silly,person
clasp,object
grab,body_part
destroy,object
question,person
disfigurement,body_part
void,abstract
falling,action
catching,action
firefighters,person
assassin,creature
removed,person
drilling,object
exploitation,person
dumbo,mammal
innocence,person
flame,object
why,face
hurt,body_part
absence,abstract
circus,mammal
death,action
collar,mammal
hello,person
axe,creature
accepting,object
knee,body_part
destroyed,object
stuck,object
bullet,object
tit,person
nurturing,action
nipple,face
chest,body_part
looking,person
turned,object
terrain,landscape
funnel,abstract
devil,creature
tiger,mammal
godzilla,reptile
aggression,action
teacup,object
curiosity,object
examination,abstract
exploring,landscape
wondering,person
smoking,action
musing,abstract
relaxing,action
exhaling,action
cowhide,mammal
liar,person
pinnocchio,food
red,object
knight,creature
valor,creature
war,action
arguing,action
discussion,person
intensity,abstract
closeness,face
conflict,action
clowns,reptile
speaking,person
greeting,action
shade,weather
spooky,creature
haunting,creature
spectre,insect_bug
harpy,bird
duckling,bird
cactus,reptile
deer,mammal
quuen,bird
rhinoceros,reptile
dracuy,creature
alpaca,mammal
monument,landscape
screaming,action
two,object
horn,object
paw,mammal
cornwall,landscape
canyon,landscape
boomerang,object
triangle,landscape
honey,person
pot,food
tower,object
snow,weather
tears,face
amilical,fish_aquatic
cord,object
pen,object
syringe,abstract
stinger,insect_bug
debris,abstract
dye,abstract
leaf,object
brain,face
hot,person
air,weather
baloon,object
scalpel,face
train,action
steam,weather
express,abstract
rune,creature
chickenman,bird
confusion,object
kilroy,person
gopher,mammal
chick,bird
chicks,person
creatures,creature
discontent,action
woods,landscape
rotund,creature
liver,body_part
dolphin,fish_aquatic
gremlin,creature
bell,bird
volcano,landscape
nut,food
tounge,face
moon,insect_bug
thumb,body_part
bench,body_part
slope,landscape
bump,abstract
onlooker,person
boulder,landscape
cuff,body_part
starving,food
prayer,weather
peak,landscape
fungi,food
genital,object
wave,abstract
salutation,body_part
flex,body_part
band,person
snot,face
organ,body_part
fluffy,mammal
recessed,abstract
feces,food
revolver,object
eyeball,face
belly,body_part
banana,food
jew,object
lamp,object
massive,object
butt,body_part
salute,object
diamond,object
maw,person
amalgamation,abstract
disappointment,abstract
flower,food
windmill,object
petal,mammal
lifeguard,creature
surfboard,landscape
dope,person
meth,person
greed,object
shaft,object
isle,landscape
vagina,object
wing,bird
helicopter,insect_bug
chimp,mammal
superhero,creature
dove,bird
footprint,body_part
platypus,reptile
bicep,body_part
cherub,creature
interstellar,landscape
austrailia,landscape
nonsense,creature
nightmare,creature
fat,food
cookies,food
angry,person
submarine,fish_aquatic
giving,object
spitting,face
tallow,bird
spring,landscape
funny,person
nuisance,insect_bug
court,object
invents,abstract
marker,object
crocus,reptile
yawns,face
racing,action
spots,abstract
sauce,food
communism,action
miniature,insect_bug
cranberry,food
bus,object
streams,weather
caged,bird
window,object
jogging,action
veiny,face
thigh,body_part
bubblegum,food
messy,abstract
lining,abstract
earring,face
clips,abstract
noses,face
tacos,food
fizzy,abstract
frail,creature
bites,insect_bug
travels,landscape
wires,object
french,object
heavy,object
tea,object
weed,food
bins,object
snowman,creature
lillies,creature
cake,food
edges,face
paleo,landscape
tarot,creature
monsters,creature
aches,body_part
eggs,food
irony,other
hell,creature
bugs,insect_bug
therapy,action
crisps,food
ankle,body_part
hostile,person
grabs,object
strange,abstract
pastry,food
mango,food
boats,landscape
hearty,person
altar,object
yellow,object
anal,body_part
patience,object
lost,landscape
summer,landscape
road,landscape
forges,object
alcohol,object
shoes,body_part
never,other
cooking,food
splatter,abstract
smiles,face
neptune,fish_aquatic
fair,person
pancake,food
blankets,action
radiator,insect_bug
pants,body_part
flies,insect_bug
clock,object
chairs,object
tank,fish_aquatic
coughs,weather
mug,object
vape,food
branded,object
newspaper,object
caterpillar,insect_bug
angels,creature
microwave,object
lettuce,food
annoying,person
crazy,object
museum,object
adventure,landscape
patio,landscape
commute,other
builder,object
empire,creature
rectangle,abstract
posh,object
purple,object
bogs,bird
night,weather
wheel,object
pram,object
shelf,object
wind,weather
trex,object
goose,bird
buu,person
humonculous,mammal
et,object
walrus,mammal
porygon,landscape
pterodactyl,reptile
zapdos,reptile
florida,landscape
top,object
raptor,mammal
goldfish,fish_aquatic
hedghog,face
grenade,object
fists,body_part
cleaver,fish_aquatic
atlas,landscape
owl,bird
mountians,landscape
peace,object
orca,object
dreamy,person
borders,landscape
friendly,person
spade,object
lounge,object
tablet,object
backpack,object
dinner,action
microscope,abstract
food,food
couch,object
dentist,face
table,object
operation,abstract
drill,object
queen,creature
sloth,bird
old,person
hips,body_part
back,body_part
hag,person
piggy,mammal
plus,person
salamander,reptile
frown,face
acorn,mammal
tissue,body_part
dais,creature
landbridge,landscape
jumping,action
church,landscape
barrister,object
cats,mammal
bullfighter,mammal
toad,reptile
clydesdale,mammal
rats,mammal
hunter,mammal
pangea,landscape
panama,landscape
emotion,action
salt,food
abraham,mammal
germany,landscape
magician,creature
muscles,body_part
sleeve,body_part
mustache,face
ram,object
factory,object
continental,landscape
mold,abstract
twins,creature
mohawk,face
vacuuming,abstract
grandma,person
remote,object
sickle,object
beach,landscape
caterpiller,insect_bug
walking,action
tiny,person
under,landscape
young,person
crouching,body_part
examining,abstract
underwater,landscape
submerged,landscape
bald,face
bulbous,object
passage,object
touching,body_part
gently,action
ancient,creature
godhead,face
licking,face
mound,object
protection,object
parents,person
laughing,face
smiling,face
masturbating,action
inserting,abstract
trapped,action
vomiting,body_part
restrained,action
handsome,person
saving,object
lean,body_part
heavens,weather
monkeys,mammal
together,action
teenagers,person
bushy,mammal
spirit,creature
termite,object
handing,body_part
following,abstract
scottish,bird
alert,object
bow,mammal
silhouette,person
blob,abstract
pair,object
wound,face
hunger,food
trade,object
insert,object
inception,abstract
formula,object
fin,fish_aquatic
communication,action
balls,object
boob,person
chasm,creature
zebra,mammal
waterfall,landscape
stalking,action
realization,abstract
soul,creature
exchange,object
rift,landscape
lever,object
spy,insect_bug
arrows,object
leak,abstract
california,landscape
cowboy,mammal
limit,object
parrot,bird
standard,object
invasion,action
overcast,weather
snakes,reptile
eels,fish_aquatic
swarm,insect_bug
nest,bird
coil,abstract
crane,bird
beer,object
basketball,action
counting,object
evolution,reptile
smuggler,person
jewels,object
underworld,creature
tracks,abstract
fighting,action
rust,food
conductor,object
crevices,abstract
jacket,object
ufo,creature
antartica,insect_bug
squire,bird
jellyfish,fish_aquatic
eel,fish_aquatic
change,object
decomposition,abstract
tragedy,person
relationship,person
consumption,food
predation,fish_aquatic
defense,object
farm,mammal
flow,abstract
bowtie,mammal
ninja,creature
instanbul,creature
signal,abstract
distress,person
static,weather
frankenstein,creature
quebec,landscape
deagon,creature
elf,creature
clover,bird
gru,person
pokemon,creature
smiley,face
gengar,creature
hawaii,landscape
uk,landscape
maid,creature
screamer,creature
gerbil,creature
mitt,object
shovel,object
michigan,landscape
okay,person
raccoon,mammal
chomp,mammal
elk,bird
leotard,bird
anchor,body_part
execution,action
creepy,creature
gunman,person
memorial,landscape
vengence,face
beetle,insect_bug
gaping,face
beheaded,face
sitting,body_part
wingsuit,bird
dead,person
shady,person
twisted,creature
hero,person
shooting,object
executed,object
rifle,object
scary,creature
wall,object
horses,mammal
battle,action
meat,food
chunks,abstract
gore,reptile
zomboss,reptile
text,object
demented,face
straight,action
cursed,creature
kanye,person
waterway,landscape
americas,landscape
growl,insect_bug
peru,landscape
gibraltar,landscape
lay,action
pope,bird
iraq,landscape
sleep,action
mediterannian,person
klansman,creature
fawn,creature
hippopotamus,reptile
anger,face
suicide,action
trophy,object
landmass,landscape
joker,bird
gryphon,creature
trigger,object
astronaut,insect_bug
hairdo,face
ethnicity,person
dominance,action
encounter,creature
enemy,creature
mass,object
secluded,landscape
cupids,object
shapes,abstract
dots,abstract
silouette,person
apples,food
shapeless,abstract
treetops,landscape
ground,weather
breeze,weather
sonar,abstract
reef,landscape
blank,abstract
whisper,abstract
fright,action
phone,object
sun,weather
sleeping,action
hike,landscape
forest,landscape
waltz,action
king,creature
bowl,object
wings,bird
elegant,abstract
coat,object
pet,mammal
hug,action
narwhal,creature
doll,person
burning,object
suffering,action
pompadour,object
ventriloquist,action
dwarf,creature
atrocity,object
breakdancer,action
footballer,object
rooster,bird
britain,landscape
stalagtite,object
eclipse,creature
tamandua,landscape
funeral,object
bee,insect_bug
turlte,object
butler,object
peep,person
peasant,person
tanzania,landscape
camping,landscape
emoticon,abstract
yell,object
muppet,reptile
snarl,face
burglar,object
wonder,person
upset,person
forlorn,object
suprise,abstract
letter,object
cigar,object
cheery,person
guffaw,person
jazz,object
ships,fish_aquatic
beggar,person
president,object
screwdriver,object
sneaker,object
lollipop,creature
ladle,object
esophagus,face
ravine,landscape
dinosaurs,reptile
gasping,face
lamb,mammal
cook,food
fisherman,fish_aquatic
mountains,landscape
piggybank,mammal
detail,abstract
previous,object
partial,abstract
cleaner,object
overlay,abstract
wider,abstract
image,person
splotchy,abstract
flipped,body_part
chaotic,abstract
puppies,mammal
chef,food
syria,landscape
coconut,food
vacuum,abstract
plane,object
ant,insect_bug
bug,insect_bug
baseball,object
texas,landscape
pan,food
sign,object
hydrant,fish_aquatic
cape,landscape
shipmast,object
phantom,creature
xenomorph,creature
spout,abstract
tooth,face
glasses,face
granite,landscape
hatchet,insect_bug
gesture,body_part
kick,action
minotaur,fish_aquatic
hammock,mammal
globe,object
kid,person
shirt,body_part
constellation,insect_bug
wildfire,landscape
topography,landscape
gingerbread,food
croissant,food
mongoose,creature
qbert,object
rider,person
drumstick,object
ogre,creature
trashbag,object
yeller,person
toddler,person
cheek,face
car,object
teenager,person
imp,object
mouths,face
hut,landscape
supine,reptile
nemo,mammal
mars,landscape
weeee,person
playground,landscape
trachea,face
bra,body_part
acroyoga,creature
tinkerbell,face
perch,bird
spiky,abstract
aristotle,reptile
surf,landscape
crustacean,fish_aquatic
valentines,action
vitiligo,creature
medieval,landscape
squid,fish_aquatic
wagon,mammal
blight,weather
stingray,insect_bug
cheerleaders,action
nuggets,bird
samurai,creature
pixie,insect_bug
hourglass,object
breast,body_part
ladies,person
crotch,body_part
separation,action
chaos,abstract
clean,object
xray,abstract
scan,abstract
horns,face
upside,object
flaccid,fish_aquatic
negative,object
vomit,action
trouble,person
needy,person
sideways,object
drip,weather
connected,object
spot,object
saturated,food
shape,abstract
violin,object
curves,abstract
eight,object
wedge,abstract
muzzle,object
bloodstain,action
squeamish,food
meanie,person
pucker,object
holes,abstract
opening,object
aperture,object
slit,abstract
grainy,food
lines,abstract
scribbles,abstract
brushmarks,other
charcoal,food
sketch,person
thumbprints,body_part
crowded,object
disconnect,object
fancy,object
artist,person
brush,face
easel,body_part
scratch,object
barefoot,body_part
sketchy,person
drawing,abstract
tube,object
skirt,body_part
carrot,food
soccer,object
tricycle,object
skateboarder,person
runners,action
disorder,abstract
hunchback,face
needle,object
dance,action
anteater,insect_bug
bathtub,landscape
sword,object
bubble,abstract
kids,person
bangs,face
swan,bird
drinking,object
idea,abstract
turnip,insect_bug
schnauzer,mammal
updo,object
jesus,person
leaning,body_part
pious,face
pelvis,body_part
daddy,person
sewing,body_part
planet,landscape
w,person
backpacker,person
crow,bird
bob,person
lighthouse,landscape
doorknob,object
oerson,object
dancers,action
fishtail,fish_aquatic
paddlefish,fish_aquatic
hagfish,abstract
bellflower,reptile
period,abstract
pitbull,mammal
cookie,object
swing,object
delta,landscape
hippos,reptile
washington,landscape
formation,abstract
icebergs,fish_aquatic
african,mammal
controller,object
cradle,action
chihuahua,mammal
reptile,reptile
koopa,creature
seagull,fish_aquatic
shield,creature
flamingo,bird
angelfish,fish_aquatic
seat,object
wallpaper,person
crooked,face
theif,person
lighter,object
hope,person
jaw,face
blowing,action
snott,face
scared,action
curled,face
neglected,object
throw,object
trojan,creature
greedy,food
snarling,face
charizard,creature
three,object
giant,creature
peanut,food
poop,food
churchill,bird
student,person
ballon,object
done,person
devourer,creature
rump,mammal
twister,creature
mickey,bird
starbase,object
pollack,bird
wick,bird
raven,bird
bits,object
ravens,bird
cackle,abstract
witchy,creature
smooth,abstract
calm,person
center,object
plain,abstract
riptide,creature
reflection,abstract
freckle,face
freefall,landscape
journey,landscape
slow,object
leather,object
traverse,landscape
separate,object
climbing,landscape
familiar,object
trail,landscape
stubborn,mammal
companion,creature
hairy,face
flecks,abstract
spatter,abstract
moldy,abstract
sponge,fish_aquatic
wallace,bird
grumit,creature
friend,person
desert,landscape
bloom,weather
sad,person
speckling,weather
overwhelming,abstract
confuse,abstract
brooding,creature
point,person
crevice,abstract
rhinocerus,reptile
teddy,mammal
marble,object
ponds,landscape
box,object
symbol,object
south,landscape
warm,action
colorless,abstract
waterways,landscape
port,object
individual,person
feline,mammal
play,action
hush,person
penguin,bird
glacier,landscape
cold,weather
intersection,body_part
add,object
and,person
radiology,body_part
location,landscape
connecting,object
share,object
lands,landscape
maps,landscape
view,object
arial,bird
high,person
slide,object
cells,object
learn,action
study,action
images,abstract
scans,abstract
dense,abstract
scatter,abstract
loneliness,action
agression,action
feelings,action
affection,action
being,action
iowa,landscape
chameleon,reptile
whisp,mammal
milk,food
southamerica,landscape
fallenangel,creature
skulls,face
coastlines,landscape
cougar,mammal
bikini,landscape
bulls,mammal
princess,creature
motorcycle,object
seal,fish_aquatic
heron,bird
corpse,creature
pepper,food
jackolantern,bird
roadkill,landscape
spongebob,fish_aquatic
monk,mammal
nobleman,person
groundhog,mammal
moomintroll,abstract
crevace,object
ducks,bird
algae,fish_aquatic
soil,food
dialogue,abstract
dragonling,creature
chimpanzee,mammal
something,object
crones,abstract
zephyr,creature
scissors,abstract
arthropod,insect_bug
puma,object
reader,object
hutt,bird
musket,object
marmoset,bird
gecko,reptile
skier,landscape
runner,action
barracuda,fish_aquatic
bolder,person
e,object
f,object
donky,person
noose,creature
rabbits,mammal
thief,creature
jaguar,mammal
balrog,creature
anime,creature
sneeze,face
orc,object
lumberjack,creature
emoji,person
character,person
sculpture,object
beheading,face
x,person
ledge,landscape
strangers,person
division,abstract
penninsula,object
fangs,face
figures,object
embrace,action
pinwheel,body_part
cheeks,face
stranger,creature
scales,abstract
asturalia,insect_bug
photograph,object
necklace,object
swirl,abstract
whirlpool,object
palace,object
prymaid,creature
tent,object
jackfruit,bird
shadows,abstract
atlantic,landscape
cypress,reptile
playboy,person
clot,abstract
intercourse,action
diagram,abstract
tendril,body_part
drone,insect_bug
lift,body_part
skateboard,object
blimp,object
meme,abstract
hallucigenia,abstract
album,object
parachuting,action
foliage,object
running,action
hiking,landscape
walk,action
wishbone,body_part
cartography,abstract
shout,person
dowager,creature
cloak,creature
hunch,face
bedrest,body_part
geography,landscape
stepmother,insect_bug
bfg,mammal
blessing,object
immolation,abstract
tapir,body_part
ballgown,creature
eyebrow,face
bronco,body_part
moss,insect_bug
lichen,insect_bug
blot,abstract
ginger,creature
cancer,abstract
tunnel,landscape
unit,object
lookout,landscape
sidewalk,landscape
snack,food
tug,object
double,object
contract,object
green,object
collide,action
root,creature
chew,face
splat,abstract
stretch,body_part
laugh,face
news,abstract
heartbroken,action
spiteful,food
hairball,object
elusive,insect_bug
cornered,face
pee,object
peas,food
shoot,object
spitball,object
bank,object
tarnish,food
lovely,person
leap,action
underbite,object
songs,action
candle,object
jetski,creature
sore,body_part
juice,food
customer,person
badge,object
happiness,action
sled,weather
flood,landscape
army,object
canary,bird
quiet,person
vehicle,object
log,object
twirl,object
performance,object
presentation,abstract
secret,face
game,object
comfort,action
evening,object
cottoncandy,mammal
weevil,insect_bug
borrow,object
accident,object
frill,person
aerial,object
gang,mammal
observer,object
spaghetti,food
bread,food
tap,body_part
trick,abstract
jurisdiction,landscape
button,object
bed,action
elastic,abstract
totem,bird
westward,landscape
carafe,food
stooges,bird
faucet,object
popeye,bird
ovary,body_part
scarecrow,creature
lions,mammal
mummy,mammal
teddybear,mammal
acid,food
money,object
none,object
organism,fish_aquatic
bunnies,mammal
cammel,object
punctuation,object
michelangelo,reptile
smooch,abstract
kayak,landscape
bleach,abstract
corset,body_part
hiker,landscape
ballerina,action
fountain,landscape
saliva,face
bones,body_part
goofy,creature
spine,body_part
ants,insect_bug
tentacle,fish_aquatic
penninsulas,object
antennae,insect_bug
bows,object
marie,person
navel,body_part
blothches,abstract
hysterical,mammal
iran,mammal
grizzly,mammal
calf,mammal
kidneys,body_part
tee,object
square,object
tumor,abstract
benign,abstract
balance,object
parallel,object
internal,body_part
indistinct,creature
israel,landscape
palestine,landscape
gaza,landscape
jerusalem,landscape
biblical,creature
naples,landscape
scotland,landscape
isles,landscape
shetland,bird
windy,weather
magnification,abstract
sample,abstract
illness,body_part
wasp,insect_bug
hive,insect_bug
celestial,creature
universe,object
blurry,abstract
unknown,object
erratic,abstract
nondescript,object
unclear,object
simple,object
cahpeau,bird
headstand,face
working,object
instrument,object
acting,person
homework,object
maze,landscape
lemming,mammal
otter,fish_aquatic
cotton,food
herbs,food
janus,creature
sunburn,weather
corrosion,weather
nebula,weather
shoreline,landscape
piebald,fish_aquatic
archipeligo,reptile
upholstery,object
brindle,object
sevant,abstract
give,object
offer,object
step,object
wet,weather
pray,action
beg,object
vista,landscape
benches,body_part
overlook,object
pond,landscape
branch,object
united,object
kneel,body_part
soldiers,person
battlefield,bird
dirty,person
glitter,abstract
dirt,abstract
open,object
american,person
heaven,landscape
outcropping,abstract
overview,abstract
satellite,insect_bug
simpsons,mammal
imagery,abstract
spilled,weather
porpoise,reptile
handkercheif,body_part
nutcracker,mammal
labia,mammal
beak,bird
docking,object
tickle,bird
kapibara,mammal
coach,object
mandable,person
toilet,object
rabit,body_part
dick,face
diver,landscape
firefly,insect_bug
mammoth,mammal
horseman,mammal
buggy,creature
footpring,body_part
captain,person
cameo,creature
palomino,landscape
elder,creature
compression,abstract
poise,person
fur,mammal
stack,abstract
frost,weather
concrete,abstract
collision,object
felt,abstract
peinsula,fish_aquatic
tortoise,reptile
parasaurolophus,reptile
wizards,creature
campfire,weather
vampire,creature
hog,mammal
paranormal,creature
hiding,abstract
rhinosaurus,reptile
villian,creature
marvel,creature
disney,mammal
newt,reptile
portugal,object
protein,food
idk,person
cheerleader,action
laughter,face
rattlesnake,reptile
prince,creature
eaglets,bird
miscroscope,abstract
throwing,action
arrowhead,bird
micky,bird
climb,landscape
lumps,abstract
vessels,fish_aquatic
headdress,face
plate,object
beaver,mammal
fuzz,abstract
surrounded,abstract
shattered,object
stained,abstract
blotted,abstract
butterlfies,food
cobra,mammal
bonobo,mammal
greyhound,mammal
orcas,fish_aquatic
airplanes,object
horseshoe,object
fishhook,fish_aquatic
diplodocus,fish_aquatic
pegasus,bird
pillbug,insect_bug
stegosaurus,reptile
nanny,mammal
boulders,landscape
manatees,fish_aquatic
freckles,face
chatacter,person
wink,face
kkk,creature
curious,person
rubbing,action
bowed,object
hood,weather
praying,action
polar,weather
satan,creature
spittle,face
surprise,object
stomp,action
rooftop,weather
boots,body_part
pregnancy,person
winding,abstract
abandonment,other
inspection,abstract
orphan,creature
suspicion,abstract
wreckage,object
crash,action
barricade,object
approach,object
checkpoint,landscape
eviscerate,insect_bug
ranger,creature
louisiana,landscape
buttons,object
mom,person
amphibian,reptile
hobo,mammal
chimney,object
house,object
iguana,reptile
oink,object
doggies,mammal
jackalope,reptile
sunlight,weather
pinapple,food
pinoccio,bird
city,landscape
lepard,person
buggle,insect_bug
porcupine,mammal
purse,object
craggy,creature
enclosed,abstract
blog,mammal
vietnam,landscape
mekong,creature
chagall,creature
ladybug,insect_bug
iceberg,fish_aquatic
waterworld,landscape
capabura,face
glaciers,landscape
grinches,face
demons,creature
skeletons,body_part
zelda,creature
wrench,object
propeller,object
mucinex,mammal
stab,body_part
deride,face
jungle,landscape
subjugation,abstract
trump,person
isolated,landscape
ozempic,creature
narrowing,abstract
nefertiti,other
birth,person
justice,object
order,object
obliteration,object
cocktail,object
alliance,bird
allies,action
poodles,mammal
humor,face
personality,person
politics,object
divisive,action
isolation,action
doubt,object
vision,face
soccar,insect_bug
score,object
myth,creature
pandora,creature
butterflies,insect_bug
hairdresser,person
fashion,person
speed,object
dissolution,other
boundaries,abstract
unification,action
elves,creature
retribution,object
puzzle,object
klimt,object
mortality,person
dionyesian,reptile
fireworks,object
centaurs,fish_aquatic
shoulder,body_part
barbell,body_part
worry,person
pick,object
beady,creature
smell,abstract
bark,mammal
howl,insect_bug
speak,person
sing,action
gargle,creature
flee,action
blizzard,weather
fort,landscape
grub,body_part
spike,object
helmet,face
lenin,person
beethoven,insect_bug
stand,object
hop,action
gizmo,creature
sage,creature
lungs,face
throat,face
behind,object
mantis,person
ride,action
caress,action
layers,abstract
saw,object
eat,food
gag,face
pricks,face
playtpus,object
opener,object
testicle,body_part
cows,mammal
squash,food
zombie,creature
ear,face
buildings,landscape
trader,person
sugarglider,creature
clawmachine,object
cheetah,reptile
professor,person
kong,mammal
sleepy,person
oscar,creature
franklin,object
wail,person
nessie,creature
hatter,object
sherlock,insect_bug
senior,person
calcifer,abstract
boner,body_part
rude,person
pregnant,person
lying,action
belarus,landscape
vatican,bird
brazil,object
muscle,body_part
armadillo,body_part
arabia,landscape
ilands,person
ausralia,bird
steak,food
lama,mammal
sock,body_part
kitties,mammal
rainbows,weather
scrooge,mammal
estuary,landscape
hill,landscape
ovenmitt,food
eggplant,food
tadpole,reptile
pendulum,insect_bug
beagle,mammal
spiral,abstract
gnats,insect_bug
goddess,creature
bean,food
aligator,creature
donut,food
diversity,landscape
cub,creature
pacific,landscape
pregnent,abstract
disarray,abstract
pheonix,creature
hogs,mammal
festival,object
cowboys,mammal
sinkhole,landscape
bart,mammal
dream,object
pinchers,body_part
cracker,object
patrick,bird
sandcastle,landscape
olympian,person
craters,landscape
announcer,person
sneezing,face
woodpecker,bird
dictator,reptile
preacher,mammal
lily,creature
gum,face
whirlwind,weather
matches,object
crumbs,food
galaxy,object
rocket,object
stop,person
kite,landscape
blowfish,fish_aquatic
woodstock,landscape
cutlet,insect_bug
pawn,object
weiner,object
moustache,face
puff,abstract
kittin,object
shreck,abstract
bowing,body_part
gritty,bird
miner,object
pangaea,landscape
explorer,landscape
breakpad,other
papyrus,reptile
gravel,landscape
pickaxe,mammal
blindfold,landscape
goggles,face
thermometer,object
belt,body_part
tripod,object
virus,weather
utah,landscape
android,food
voodoo,creature
horseback,mammal
drop,object
stitch,body_part
coxal,insect_bug
rose,object
snowflake,weather
boobs,body_part
travelers,object
sunfish,fish_aquatic
ferret,mammal
megamind,creature
fruit,food
scone,creature
watchman,person
rook,bird
rafiki,landscape
owner,person
rhinos,mammal
rosie,person
mite,insect_bug
boogeyman,insect_bug
danicing,object
tv,object
dracula,creature
centipede,insect_bug
fly,insect_bug
telescope,object
elfs,creature
seashore,landscape
dinasaur,reptile
dwarfs,creature
snowhite,weather
latam,object
worms,insect_bug
cravas,food
headland,landscape
gestation,person
clearing,abstract
penicillin,object
decoration,object
magic,object
slouch,action
eyepatch,face
kneeling,body_part
thought,person
stick,object
artow,creature
karate,action
cuty,face
skyline,landscape
far,action
pushups,body_part
hammers,object
compressor,object
napoleon,reptile
batmobile,object
swordfight,landscape
starship,fish_aquatic
supervillain,creature
lasso,abstract
home,object
main,person
humble,person
hungry,food
skillful,person
whole,object
suspenseful,creature
closed,object
ridged,abstract
unassuming,face
ample,abstract
angus,mammal
chocolate,food
pool,landscape
hinged,body_part
limp,body_part
pointed,object
bond,object
corner,landscape
wielding,object
feather,bird
unity,object
fruitful,food
towns,landscape
curve,abstract
loud,abstract
worldly,landscape
unhappy,action
grounded,weather
shell,object
dangling,body_part
june,object
graces,creature
disengaged,action
crawling,insect_bug
lack,body_part
hound,mammal
height,body_part
value,object
jumble,object
harsh,person
harmful,abstract
spacious,object
spotty,person
unopposing,action
vast,landscape
mouthed,face
jamb,food
drink,object
grande,object
hinder,person
bout,person
missing,object
spaced,abstract
cloudy,weather
keychain,object
bodybuilder,body_part
knob,object
bandit,landscape
seeds,food
anglesea,landscape
scandinavia,landscape
wales,landscape
bitemarks,face
bishop,bird
density,abstract
blackout,weather
landmasses,landscape
peeing,action
massage,body_part
murder,object
blind,face
lemur,mammal
summit,landscape
mesa,landscape
ceiling,object
ingredients,food
card,object
side,body_part
gift,object
cliffside,landscape
county,landscape
pensula,object
joints,body_part
drumsticks,body_part
catheder,mammal
rich,person
fork,object
end,person
hydra,fish_aquatic
empty,object
gain,object
scizzors,abstract
join,object
specks,person
trickle,weather
dominant,body_part
fibers,abstract
edge,face
hairs,face
patch,abstract
vine,object
pikachu,mammal
chatting,action
cannon,object
hills,landscape
gazing,action
divison,abstract
asymmetry,other
talk,action
scientists,object
detectives,insect_bug
wheelchair,body_part
robots,insect_bug
explorers,landscape
lead,object
pride,action
beholding,face
devouring,abstract
pulling,action
trolls,creature
safelite,object
policeman,person
cannabalism,food
witches,creature
spies,insect_bug
hunting,mammal
skelton,insect_bug
shouting,person
tugging,body_part
grinning,face
farry,mammal
murderer,insect_bug
sonic,fish_aquatic
nightcap,object
snitch,person
threat,creature
tongs,face
colour,object
logo,object
way,person
sides,body_part
furnisher,person
vegetable,food
thing,object
paintball,object
fruits,food
vegetables,food
ruler,object
furniture,object
mandibles,person
gangster,creature
alf,creature
bicycle,object
siberia,landscape
a,object
enemies,creature
koffing,bird
duality,other
purity,food
purgatory,creature
trench,landscape
state,landscape
scientist,object
fighter,person
job,person
trickster,insect_bug
candelabra,insect_bug
lad,person
disco,person
paddle,object
movie,person
block,abstract
oolong,action
foursome,person
compass,landscape
propellor,object
steelix,creature
sandworm,insect_bug
cane,object
mario,fish_aquatic
nascar,object
dunebuggie,insect_bug
lapras,object
meadow,landscape
dusclops,abstract
nightmares,creature
sociopath,person
son,person
initiation,action
meeting,action
unfair,object
roach,insect_bug
gasmask,creature
gravesite,landscape
graverobber,insect_bug
classic,person
victor,object
recliner,body_part
steps,abstract
shrek,reptile
joystick,object
guppy,fish_aquatic
spores,abstract
butthole,abstract
macaroni,food
bacterium,fish_aquatic
gonzo,object
booty,person
curls,body_part
blobfish,abstract
dilbert,person
soup,food
ballcap,object
mush,abstract
dobby,person
conjoined,object
ying,bird
yang,creature
psychology,action
sadness,person
voldemort,creature
points,object
peacock,bird
intestines,body_part
chipmunk,bird
stallion,mammal
corpulent,food
onyx,creature
hairstyle,face
frizzy,face
blocked,person
horrifying,creature
frightening,creature
usa,landscape
queers,action
steers,object
humidity,weather
christian,creature
skeletal,body_part
horror,creature
disfigured,body_part
gruesome,creature
splatters,abstract
ebony,face
masculine,person
randomness,abstract
abstractions,abstract
emptiness,abstract
clay,landscape
pillar,object
knife,object
turf,bird
spartan,landscape
eyemask,face
earthworm,insect_bug
wight,mammal
mediterraneum,landscape
mirth,food
sling,object
penininsula,reptile
ismuthy,insect_bug
fatso,fish_aquatic
gorrilla,bird
sprout,food
aquipher,landscape
bicept,reptile
tomahawk,mammal
chins,face
frames,abstract
alopicia,creature
grandmother,person
come,person
snob,person
tackle,body_part
regal,object
nails,body_part
harrow,creature
dotted,abstract
foetal,person
threaten,creature
marine,fish_aquatic
bouffant,object
seek,abstract
swimmer,fish_aquatic
drum,abstract
electricity,object
memory,object
complainer,person
smaller,body_part
apart,object
hidden,abstract
strong,object
pudgy,mammal
clear,abstract
contrast,abstract
connect,object
thunb,abstract
wrestle,action
absolve,person
singular,person
short,person
rotate,abstract
speck,person
attached,person
yoshi,creature
iberian,landscape
across,object
scowl,face
above,person
below,person
create,abstract
coastal,landscape
wooly,mammal
within,abstract
us,person
diverge,action
no,person
uneven,abstract
uncertain,object
almost,person
behead,face
another,object
insideout,abstract
overtake,abstract
inside,object
subsume,person
other,object
everything,action
even,face
contained,object
inner,abstract
vague,abstract
reverse,object
time,object
bored,object
viewing,object
melting,object
dispersed,abstract
facial,face
observe,object
murky,creature
concealed,body_part
upward,body_part
forget,object
grave,landscape
dementor,creature
tribal,mammal
morocco,landscape
grandpa,object
yawning,action
flames,object
punching,action
cashew,food
issue,person
amphibean,creature
pouch,body_part
pear,food
artifact,abstract
vests,body_part
servant,creature
award,object
swastika,object
party,object
emoeba,fish_aquatic
toy,object
children,person
seashell,fish_aquatic
torch,object
simpson,mammal
sleigh,creature
trumpet,object
idol,creature
ok,person
puke,food
concert,object
what,person
difference,object
stalactite,object
dank,person
lazy,object
mysterious,abstract
sight,object
vernacular,food
comedy,object
micronesia,landscape
distant,landscape
carolingan,bird
wine,object
relax,action
olive,food
uncharted,landscape
disparate,object
desire,object
destruction,weather
reprieve,object
omen,person
contested,object
dangerous,object
menacing,creature
insular,face
inaccurate,object
film,person
embers,object
bleeding,action
decay,abstract
feminine,person
blotchy,abstract
meaningless,abstract
primal,creature
violence,action
plague,insect_bug
pharaoh,reptile
contenent,abstract
patterns,abstract
nucleus,insect_bug
fluid,object
probiscus,object
inky,bird
polygon,abstract
structure,abstract
gas,object
circle,object
invader,creature
intellegent,creature
marks,object
blotches,abstract
life,action
response,person
ingesting,food
antenna,object
paterns,person
contenents,abstract
speckles,abstract
fluids,abstract
patches,abstract
campaign,object
constilations,abstract
pedal,object
pushmipullme,abstract
thailand,landscape
budgie,bird
cloth,object
dough,food
fabric,abstract
lint,weather
surface,abstract
pollution,landscape
cove,landscape
barge,fish_aquatic
import,object
spices,food
merchandise,object
vacation,landscape
trip,object
topograph,abstract
feel,person
halloween,creature
holiday,object
penensula,object
boating,landscape
swim,action
merchant,person
sailor,person
tugboat,fish_aquatic
much,person
eyelash,face
focus,abstract
zoo,mammal
carnival,object
worldwide,object
shipping,object
container,object
export,object
penguins,bird
martian,insect_bug
s,person
tear,face
peninsulas,landscape
honduras,landscape
headwrap,face
amorphous,abstract
curtain,object
infant,person
punishment,object
condescension,weather
transaction,object
wart,person
palm,body_part
badlands,landscape
toe,body_part
gourd,object
parent,person
pie,food
aardvark,object
nativity,creature
piper,insect_bug
austria,object
sloptches,insect_bug
yawn,face
beefeater,mammal
gap,abstract
bellybutton,body_part
cart,object
philosopher,insect_bug
sparrows,bird
bagpiper,object
waitress,person
tray,food
continet,person
opposite,action
facing,face
projectile,object
bullish,mammal
ceasar,mammal
coiffure,abstract
acrobats,object
adult,person
kamtchaka,object
pooh,mammal
population,person
blur,abstract
catipillar,creature
siren,creature
deoxys,abstract
temple,landscape
staircase,abstract
kettle,object
saxiphone,object
terrorist,person
hobbit,creature
border,landscape
lumpy,abstract
smurf,abstract
lump,abstract
trogdor,creature
burninator,insect_bug
peasants,person
faceoff,face
error,object
code,object
sweetheart,person
rainforest,landscape
ambiguity,abstract
formless,abstract
featureless,creature
cuba,landscape
scrotum,body_part
falcon,bird
grasshopper,insect_bug
cocoon,food
predator,insect_bug
freddy,creature
lip,face
sicily,landscape
exploration,landscape
close,person
free,object
proud,person
kind,person
perplexed,body_part
worried,object
befriending,action
potion,creature
afraid,creature
infected,creature
winning,action
wristwatch,body_part
sawbuck,landscape
atrayu,landscape
instestine,abstract
hardwood,object
tobacco,food
jowls,action
cardigan,creature
laziness,other
obese,food
caucasian,person
embellishment,abstract
tattoo,body_part
surrender,action
lagoon,landscape
oyster,fish_aquatic
rorshach,object
appendix,body_part
lapse,action
tuba,fish_aquatic
public,person
yeti,person
plagiarism,other
artic,person
rorschach,mammal
inkwell,bird
targaryen,creature
appendicitis,body_part
restraints,body_part
stuffed,object
naked,action
cash,object
silence,action
hutzpah,mammal
wrestling,action
denial,action
obeisance,insect_bug
political,object
rhetoric,abstract
survival,action
paramecium,abstract
pauper,mammal
buckshot,object
kaleidoscope,abstract
shaving,face
talc,insect_bug
chalkboard,abstract
plastic,object
racism,action
tires,abstract
rubinesque,object
lies,person
strawberry,food
webs,person
amnesia,creature
hoarder,person
disbelief,abstract
belief,abstract
trickery,creature
myling,mammal
pub,bird
politician,person
adultery,action
carelessness,person
summarization,abstract
jock,person
stabbed,body_part
profike,object
characters,person
profiles,person
parachute,action
key,object
coyote,mammal
beret,bird
gallaga,bird
saucer,object
tombolo,person
kamchatka,object
newjersey,object
jigsaw,creature
scepter,creature
bowman,bird
maiden,creature
ax,object
ent,object
husky,mammal
reclined,abstract
dumb,mammal
goul,object
cliffs,landscape
hampster,mammal
warlock,creature
staff,object
dribble,object
busom,object
neanderthal,reptile
raspberry,food
lollypop,food
squat,body_part
dive,landscape
pompoms,abstract
weasel,mammal
feed,food
thinker,person
apron,body_part
lincoln,mammal
pigtail,mammal
capybarra,object
lioness,mammal
gloria,person
print,object
talon,bird
solid,object
protrusions,abstract
solids,object
boring,action
curved,abstract
basic,abstract
irritating,insect_bug
cupcake,food
dropped,object
complex,abstract
reload,person
smear,abstract
striations,abstract
garbage,object
surprised,person
grin,face
pills,food
sorting,object
pliers,object
schnozz,creature
boop,person
icicle,insect_bug
candyfloss,creature
cellphone,object
carmen,person
broccoli,food
clasped,body_part
ripples,abstract
tennis,object
zoomies,fish_aquatic
tribble,fish_aquatic
rosy,bird
salsa,food
scolding,action
beehive,insect_bug
yappy,fish_aquatic
dyeing,abstract
meditranian,person
contours,abstract
azores,landscape
meditaranian,person
hookah,action
samovar,person
region,landscape
jello,food
paws,mammal
confused,object
cleaning,abstract
bending,abstract
spiderweb,insect_bug
losing,action
panic,action
dropping,object
expansive,abstract
overwhelm,creature
gunshot,object
help,person
biting,face
frightened,creature
attach,object
suspend,object
stalagmites,insect_bug
wedding,action
carefree,bird
games,object
shift,object
distorted,abstract
forgotten,object
narrow,abstract
goats,mammal
submission,abstract
sniffing,face
discovery,abstract
shred,object
disintegrate,other
acceptance,object
song,action
barking,mammal
park,landscape
grassy,food
braids,body_part
fracture,body_part
fingernails,body_part
tulle,body_part
careless,person
zygotes,reptile
northern,landscape
shifting,object
adjustment,body_part
resting,body_part
sillouette,food
defined,person
rolling,action
mystical,creature
sway,action
hurts,body_part
ingrown,food
merge,object
sailors,fish_aquatic
infiltrating,weather
toreador,person
mouvement,abstract
darwf,creature
magical,creature
feathers,bird
sagittarius,person
hanged,object
victorian,object
aladin,weather
pressed,object
against,object
expoxion,abstract
dinausaur,reptile
greenery,landscape
pork,food
spread,abstract
disgust,face
slugs,insect_bug
middle,object
grassland,landscape
blueprint,abstract
index,object
odor,abstract
foul,object
gape,object
column,object
nature,landscape
reunion,action
mercury,object
haze,weather
surround,abstract
clash,action
feral,mammal
passion,action
fit,object
rage,person
charge,object
neighbor,mammal
holy,person
blotch,abstract
little,person
aquatic,landscape
capitulate,object
carbon,object
rub,object
soot,person
primitive,other
organic,food
stuffy,abstract
aurora,weather
peanuts,food
actor,person
frogs,reptile
souls,creature
snuffalupagus,bird
masquerade,person
sow,face
violinist,other
vaccuum,abstract
thumblina,bird
faun,bird
wong,bird
sleeper,creature
frolo,bird
rumplestiltskin,mammal
fireside,weather
sinister,creature
okapi,person
madman,insect_bug
intimacy,action
lightning,weather
squirrels,mammal
bats,insect_bug
offering,object
muffet,abstract
inkblots,abstract
marge,mammal
dinsour,reptile
mine,mammal
ameoba,reptile
writhing,abstract
microscopic,abstract
skin,face
shading,abstract
pawprint,mammal
note,face
velociraptor,reptile
pelican,bird
sheepdog,mammal
kiwi,mammal
newfoundland,bird
wrestler,body_part
sandbars,landscape
splits,body_part
walls,abstract
frustration,object
flooding,weather
topknot,face
pull,object
apartness,abstract
fuzziness,abstract
istanbul,landscape
scandanavia,landscape
annoyance,creature
jagged,abstract
standing,object
boxing,action
spaces,abstract
ridge,landscape
youth,person
lineup,object
smears,abstract
cjase,object
pouf,object
angle,body_part
pew,fish_aquatic
challace,insect_bug
playing,object
missed,person
oops,person
abdomen,body_part
rucksack,mammal
royalty,object
galactus,creature
martini,bird
gymnastics,body_part
choreography,action
erotica,action
vagrant,creature
santorini,landscape
warning,object
droplets,weather
airhorn,bird
tsunami,landscape
tardigrade,creature
spatula,abstract
krampus,mammal
satyr,landscape
lonely,person
refuse,object
earwig,face
control,object
loss,object
charm,creature
slap,action
icecream,food
intervention,object
sprite,creature
dragging,action
judge,object
puck,object
scat,mammal
reprimand,person
crawler,insect_bug
abortion,person
growing,food
skink,face
sly,mammal
cello,fish_aquatic
antennas,other
pinnochio,mammal
hulk,mammal
mourning,action
hitchhiker,mammal
prisoners,landscape
entity,creature
hairline,face
bulbasaur,object
grogu,creature
show,person
phillipines,landscape
jersey,object
chess,object
stiletto,body_part
underwear,body_part
clip,person
glider,insect_bug
trinidad,bird
nauru,landscape
gondwana,reptile
agean,person
anatolia,bird
svalbard,landscape
serbia,object
gibralta,creature
vertiligo,reptile
meerkats,fish_aquatic
virginia,landscape
caldera,weather
egypt,landscape
chandelier,creature
grandson,person
wrinkles,face
exocytosis,other
mitochondria,other
hindquarters,landscape
bowel,body_part
obstruction,abstract
valve,object
machete,object
snowballs,weather
coal,landscape
rival,mammal
scatterplot,other
thunderbird,bird
stormcloud,weather
caterpillars,insect_bug
scottie,person
crowns,object
poke,object
conga,person
speech,abstract
asteroid,object
undefined,other
unintelligible,person
nerd,creature
sailboat,fish_aquatic
painter,person
snailhead,fish_aquatic
shores,landscape
hallway,object
pirranah,object
urn,person
croatia,object
thimble,object
pageboy,person
slump,weather
biscuit,food
rape,action
geode,landscape
vulva,creature
fling,action
arch,creature
romance,action
bucolic,food
unease,abstract
guernica,landscape
makeout,abstract
ballet,action
diving,landscape
fissure,abstract
bong,object
salesman,object
pterodon,reptile
vaporize,weather
pieta,fish_aquatic
sublimation,abstract
flamenco,reptile
evade,insect_bug
rococo,object
sisters,person
tarp,object
nudity,action
wood,object
turtles,reptile
punk,person
glass,object
vest,body_part
pug,mammal
doberman,mammal
harp,fish_aquatic
cyrano,creature
hmm,person
spook,creature
remi,person
footsteps,abstract
excited,person
glassware,object
karafe,object
poet,person
surveillance,abstract
throne,object
hoof,mammal
seaturtles,object
dude,person
briefcase,object
shallot,creature
sniffer,person
cute,person
rag,body_part
algonquin,creature
cry,action
tired,body_part
yearning,action
queue,object
sorrow,weather
ugly,face
rotten,creature
strangle,abstract
perversion,person
flu,object
plotting,other
chain,object
choice,object
confrontation,action
rot,food
friendship,object
segregation,abstract
camaraderie,mammal
paranoia,abstract
guidance,object
eurasia,landscape
lenny,reptile
sumo,object
hip,body_part
seed,food
mj,person
fireplace,object
school,action
creek,landscape
cemetery,landscape
tombstone,face
horizon,landscape
winter,weather
gloves,body_part
aky,person
kitchen,food
sink,object
soap,fish_aquatic
dishes,food
blanket,object
noae,creature
germs,object
crows,bird
clutter,abstract
waving,action
capitol,landscape
mascara,face
silhoutte,food
dalmatian,mammal
deformity,body_part
scholar,person
mailbox,abstract
grr,creature
ghast,abstract
midget,person
missile,insect_bug
graph,abstract
pitcher,object
salmon,fish_aquatic
cup,object
victory,object
parsnip,object
spillage,weather
robe,object
final,object
ominous,creature
pout,person
physics,object
highway,landscape
sacrifice,object
sinuous,other
forward,object
treat,object
bleb,object
hoe,person
elevator,body_part
seedpod,reptile
noodles,food
lemon,food
renaissance,landscape
circumnavigate,insect_bug
foaming,abstract
prison,landscape
emblem,object
launchpad,other
guru,person
british,person
toothpick,face
rutabaga,object
plinth,body_part
fitting,abstract
pack,object
community,person
walker,creature
creep,creature
kinetic,object
array,object
sheets,abstract
ballpoint,object
silo,person
rake,landscape
salad,food
flooring,body_part
rodeo,mammal
heresy,creature
postage,object
cabinet,object
gemstone,object
snowfall,weather
opera,creature
cargo,object
fastener,object
rotary,abstract
crisp,food
klister,fish_aquatic
duststorm,weather
velvet,insect_bug
spray,abstract
bulldozer,mammal
apostrophe,object
bushfire,weather
hare,mammal
sailfish,fish_aquatic
vicar,object
laama,mammal
hammerhead,object
schleswig,landscape
baltics,fish_aquatic
solemn,object
srilanka,object
taiwan,landscape
laying,action
hummingbird,bird
tartigrade,creature
barnacle,fish_aquatic
arguement,person
parapelegic,insect_bug
skunk,mammal
disease,abstract
buddhism,action
garfield,mammal
drama,action
goblins,creature
quarrel,action
tundra,landscape
doom,creature
heel,body_part
oregon,landscape
cache,person
envy,object
disagreement,object
contemplation,action
companionship,action
parlance,abstract
mischievousness,creature
wrath,creature
hopelessness,action
fealty,person
monolith,creature
coupling,other
jealous,person
triad,creature
diffusion,abstract
kingdom,creature
entropy,weather
maple,creature
depression,action
na,object
scoliosis,body_part
sequoia,landscape
bahamet,creature
morph,creature
sermon,landscape
present,object
laser,object
veins,body_part
arteries,body_part
medium,body_part
exponential,object
elvis,mammal
gymbro,person
beavis,creature
tetromino,object
nugget,bird
exclamation,insect_bug
geezer,person
ukraine,landscape
neuron,abstract
drool,face
c,object
stairs,abstract
penut,object
poseidon,creature
trident,object
i,person
semicolon,object
celebration,action
sound,abstract
pump,object
brass,object
retard,person
clamp,object
hens,bird
soliders,person
churchgoer,creature
lock,object
handle,object
nipples,face
pipette,object
elementals,insect_bug
core,food
piping,abstract
drops,weather
convertible,object
stool,body_part
toaster,food
gramophone,object
earthling,creature
yap,person
forehead,face
hippie,mammal
sit,action
spraypaint,abstract
bullets,object
stroll,action
burial,landscape
parade,action
radish,creature
gelioth,fish_aquatic
cosmic,abstract
seaweed,fish_aquatic
pharoah,food
repaire,object
uranus,fish_aquatic
ponny,person
codger,fish_aquatic
component,object
arc,object
kirby,creature
tramp,body_part
dna,food
mechanism,abstract
rodan,person
nuke,insect_bug
vegetation,food
breastfeeding,action
genitalia,object
moleman,person
molewoman,person
thumbman,person
can,person
uvula,fish_aquatic
central,landscape
precambrian,landscape
ireland,landscape
new,object
islets,bird
straits,landscape
peaceful,action
whales,fish_aquatic
islet,bird
canine,mammal
sores,body_part
barren,landscape
bride,person
babar,mammal
jamaica,landscape
floe,bird
hedge,mammal
marshmallow,weather
charcter,creature
gobbler,fish_aquatic
rapunzle,weather
firefighter,person
labrador,mammal
cauliflower,food
cockatoo,bird
imps,abstract
iceburg,landscape
empress,creature
villianess,creature
sheild,person
stag,object
archiapeligo,creature
horsehide,mammal
rhinocerous,reptile
flounder,fish_aquatic
gouhl,person
jabba,insect_bug
narwahl,object
scooby,bird
null,insect_bug
baltic,landscape
pure,food
portrait,face
weight,body_part
pygmy,face
leader,person
midgit,creature
tam,person
largess,face
crag,object
royal,creature
eminence,object
sticker,object
partition,object
glue,object
laird,person
bland,abstract
badminton,action
curvaceous,insect_bug
carved,object
faced,face
foes,person
again,person
mexican,mammal
narrowed,abstract
saint,creature
appearance,face
afar,landscape
regency,creature
outreach,action
grandfather,object
haven,object
mystic,creature
crayon,abstract
shepherd,mammal
coward,person
oinker,object
cog,object
whip,object
bounce,action
withdraw,object
fold,abstract
catsup,mammal
verdant,abstract
viking,mammal
wide,abstract
crepe,abstract
peppered,food
floater,object
broad,abstract
sprinkle,weather
jalapeno,food
trio,object
pine,bird
egret,object
hangar,object
gate,object
bypass,object
orange,food
caped,landscape
almond,food
margin,body_part
multifacet,face
elliptic,abstract
level,object
westie,mammal
kelp,creature
hitchcock,creature
guineapig,reptile
sack,body_part
jaws,face
shooters,person
nostril,face
pickachu,creature
medusa,object
pinochio,body_part
paiting,object
closeup,object
topographic,landscape
natural,food
color,object
canvas,abstract
shatter,object
harbor,landscape
watercolor,weather
graphic,person
photo,person
waterline,landscape
physical,body_part
zoomout,landscape
dinosour,reptile
catapiler,mammal
tag,object
sorceress,creature
geyser,creature
tire,abstract
photographer,person
platupus,insect_bug
sleipnor,creature
foal,bird
simpler,abstract
different,person
spacebar,object
organs,body_part
complexity,abstract
configuration,other
others,person
mythical,creature
eastern,landscape
wool,mammal
sameness,abstract
realistic,person
attention,abstract
either,person
elements,object
imagination,abstract
kisses,action
wrist,body_part
porcupines,mammal
roadway,landscape
treestump,mammal
nixon,object
rabbi,creature
microbe,food
zambia,landscape
dinosauer,reptile
sasquatch,mammal
cockatiel,bird
plateau,landscape
care,person
bovine,mammal
baboon,mammal
drought,weather
cerebellum,body_part
antidote,creature
tinnitus,face
turbine,object
wrangler,mammal
inkspot,abstract
suess,face
irrelevant,object
cleric,creature
shakers,person
housecat,insect_bug
mammal,mammal
racist,person
zipper,object
asian,person
ithsmus,insect_bug
microbes,food
shreds,action
ragged,body_part
connector,object
pothole,abstract
gravity,object
grasp,body_part
strength,body_part
words,person
joint,body_part
directions,abstract
kindness,person
offspring,insect_bug
length,body_part
competitor,object
topless,body_part
mitts,body_part
appendages,body_part
struggle,object
intrusion,abstract
seawalls,landscape
migration,other
broadway,landscape
spludge,bird
opponents,person
digits,body_part
divider,abstract
fragment,body_part
invasive,insect_bug
tendrils,body_part
many,person
centered,abstract
hump,person
flattened,abstract
amassed,object
meiosis,abstract
doubling,object
gestalt,object
form,abstract
flake,abstract
landforms,landscape
dalmation,creature
pup,mammal
bearskin,mammal
t,person
salp,person
uninteresting,abstract
roshack,mammal
meh,person
judgement,object
subjective,abstract
bacon,food
traditional,food
context,object
or,person
huh,person
fascinating,person
bulletpoint,object
questions,abstract
whatever,person
memorable,object
unbalanced,abstract
spacial,abstract
correlation,object
definition,other
interesting,person
forgot,object
artworthy,creature
concern,object
balanced,object
neutral,object
expected,object
softer,body_part
angular,other
gross,face
uniformity,other
overload,abstract
full,person
disturbed,creature
good,person
interest,object
selfaware,weather
taco,food
brainstorm,object
harmony,action
repetative,object
visual,abstract
stark,person
appealing,action
dismissive,abstract
go,object
less,person
needs,person
congruent,object
mottled,creature
last,person
shower,action
serious,body_part
alian,person
hippoputmus,body_part
warmth,weather
bravo,person
obliterate,object
buried,landscape
splatts,abstract
dost,person
popcorn,food
mistletoe,creature
searching,abstract
tall,person
reclining,abstract
deformed,abstract
splatt,abstract
voids,abstract
clinging,action
calling,action
morning,action
aggressive,person
masses,abstract
muscian,body_part
exam,abstract
undressing,action
leaping,action
spermatazoa,reptile
nada,object
muddy,weather
ceramic,object
artwork,object
glaze,food
tile,abstract
uhh,person
racecar,object
batter,object
fungus,food
sihlouette,object
pelt,object
needles,body_part
plankton,fish_aquatic
whiskers,face
jet,object
sparks,object
horsehead,face
confetti,abstract
stalk,person
pile,abstract
comet,insect_bug
desk,object
lanternfish,fish_aquatic
ray,creature
flesh,food
victim,person
expession,abstract
dichotomy,abstract
paradox,object
tide,fish_aquatic
crisis,person
vice,fish_aquatic
treats,food
costumes,person
concealment,abstract
promise,person
grasping,body_part
parity,abstract
condition,abstract
diplomacy,action
specter,person
reverence,abstract
spirituality,action
revival,action
famine,food
folklore,creature
caution,object
legacy,object
history,object
forge,object
conquer,landscape
philosophy,object
determination,abstract
resistance,object
mingling,action
longing,action
tar,object
calligrapy,abstract
web,person
neurons,face
gaps,abstract
relief,face
cleanliness,face
salvation,weather
skiing,weather
woodland,landscape
ravage,action
oaks,landscape
deforestation,other
pines,landscape
monotony,action
disparity,landscape
spongiform,reptile
stunting,action
atrophy,body_part
galloping,action
prancing,action
joy,action
wetland,landscape
gauze,face
surgery,body_part
refinement,abstract
tradition,object
succulent,object
stripes,abstract
echinoderm,fish_aquatic
pumpkin,creature
machinery,object
droplet,weather
tetrad,object
excess,food
jelly,food
canopener,other
koala,mammal
piece,object
flashlight,object
caretaker,person
girls,person
mining,object
ameba,insect_bug
nintendo,creature
comb,insect_bug
infinity,object
headlights,object
headset,face
rip,person
artistic,abstract
bike,object
junk,object
frolicking,action
perspective,face
cavorting,food
overwrought,landscape
shrug,face
cooper,mammal
wax,face
crackle,food
chia,object
lace,body_part
nuts,food
christmas,object
season,weather
windfall,weather
eruption,weather
paintbrush,face
weolf,creature
crabs,fish_aquatic
aliena,creature
roar,abstract
staring,face
sprawled,action
snowstorm,weather
riding,action
write,action
tummy,body_part
cap,object
taste,food
penise,object
gypsy,creature
zero,object
blotter,abstract
guitar,object
negatives,object
sharks,fish_aquatic
beasts,creature
raincoat,weather
dart,bird
hercules,creature
moody,creature
cauldron,creature
booger,creature
slime,abstract
armor,object
crucifix,creature
pincers,body_part
equipment,object
weapon,object
dinasour,reptile
emperor,creature
actors,person
model,object
knights,object
backflip,body_part
squidward,fish_aquatic
swinging,action
exhibitionist,person
tractor,object
tigers,mammal
leavea,object
jewelry,object
footprints,body_part
wiseman,person
beever,insect_bug
butterly,person
